department,avg_salary,min_salary,max_salary,employee_count
Finance,85162.34751037344,50281.0,119822.0,160
HR,82049.62038612914,50609.0,119881.0,158
IT,81061.75602203154,50103.0,119709.0,177
Marketing,85035.04766633565,50074.0,118553.0,159
Sales,86640.13882798485,51817.0,119486.0,173
