department,avg_salary,min_salary,max_salary,employee_count
Finance,85153.31913716815,50281.0,119822.0,160
HR,82012.45650122142,50609.0,119881.0,158
IT,81058.22771361432,50103.0,119709.0,177
Marketing,85030.00560006892,50074.0,118553.0,159
Sales,86700.48885590793,51817.0,119486.0,173
