department,avg_salary,min_salary,max_salary,employee_count
Finance,85162.34751037344,50281.0,119822.0,160
IT,81061.75602203154,50103.0,119709.0,177
