department,avg_salary,employee_count
Finance,86023.26121324359,120
IT,79818.3404175988,121
