department,avg_salary,employee_count
Finance,85091.40477106579,161
HR,81936.63771937051,159
IT,80934.85002227392,178
Marketing,84961.84925799086,160
Sales,86700.48885590793,173
