department,avg_salary,employee_count
Finance,85153.31913716815,160
HR,82012.45650122142,158
IT,81058.22771361432,177
Marketing,85030.00560006892,159
Sales,86700.48885590793,173
